{"train_losses": [4.34293270111084, 2.7191879749298096, 2.555798292160034, 2.4789788722991943, 2.440528154373169, 2.384721279144287, 2.3461763858795166, 2.307823896408081, 2.2795424461364746, 2.2519848346710205, 2.2276973724365234], "val_losses": [4.338315010070801, 2.738762855529785, 2.5783214569091797, 2.494112014770508, 2.4512267112731934, 2.3896162509918213, 2.3466269969940186, 2.3160006999969482, 2.289083480834961, 2.2506825923919678, 2.244391441345215]}