{"train_losses": [4.306337356567383, 2.8199057579040527, 2.623060941696167, 2.5907676219940186, 2.558609962463379, 2.5300238132476807, 2.5021681785583496, 2.481759548187256, 2.4797348976135254, 2.430673122406006, 2.4178879261016846, 2.3894243240356445, 2.383335590362549, 2.358584403991699, 2.3416309356689453, 2.331106662750244, 2.329387664794922, 2.3122522830963135, 2.3042240142822266, 2.2893991470336914, 2.2729575634002686, 2.2738606929779053, 2.2580783367156982, 2.2442479133605957, 2.2428483963012695, 2.2305428981781006, 2.2218704223632812, 2.2150325775146484, 2.214077949523926, 2.2067339420318604, 2.1855030059814453, 2.1688449382781982, 2.180230140686035, 2.16969633102417, 2.1625547409057617, 2.1614370346069336, 2.1546761989593506, 2.15756893157959, 2.1444661617279053, 2.142686128616333, 2.139106512069702, 2.1441967487335205, 2.1218225955963135, 2.1196751594543457, 2.112872362136841, 2.1070797443389893, 2.111009120941162, 2.104431629180908, 2.107356548309326, 2.0976974964141846, 2.0975332260131836], "val_losses": [4.308686256408691, 2.842857599258423, 2.637247085571289, 2.5911922454833984, 2.5617120265960693, 2.5226356983184814, 2.4979894161224365, 2.4826958179473877, 2.468351125717163, 2.4314496517181396, 2.4245216846466064, 2.392700433731079, 2.4004855155944824, 2.368295431137085, 2.3647501468658447, 2.3387372493743896, 2.340710163116455, 2.3251776695251465, 2.3101189136505127, 2.308232069015503, 2.2994632720947266, 2.285046100616455, 2.2789318561553955, 2.2638590335845947, 2.2614638805389404, 2.2480781078338623, 2.242133378982544, 2.2361698150634766, 2.226886034011841, 2.216226816177368, 2.2132604122161865, 2.202850580215454, 2.2140979766845703, 2.2061054706573486, 2.1911730766296387, 2.188748598098755, 2.186782121658325, 2.185041904449463, 2.1760025024414062, 2.169565439224243, 2.171255111694336, 2.1716904640197754, 2.1652090549468994, 2.161062002182007, 2.1534087657928467, 2.152020215988159, 2.148394823074341, 2.140995502471924, 2.148550510406494, 2.13918399810791, 2.128084659576416]}