{"train_losses": [4.339425563812256, 2.6743462085723877, 2.5460453033447266, 2.478210926055908, 2.413156270980835, 2.347123861312866, 2.31091046333313, 2.2605412006378174, 2.2347254753112793, 2.174241542816162, 2.158998966217041, 2.1186280250549316, 2.1001229286193848, 2.091984272003174, 2.0727698802948, 2.04602313041687, 2.0256423950195312, 2.004608631134033, 1.9993655681610107, 1.988147258758545, 1.9594720602035522, 1.957062840461731, 1.9386324882507324, 1.9407680034637451, 1.9315420389175415, 1.9105621576309204, 1.8896095752716064, 1.897242784500122, 1.888434886932373, 1.8752425909042358, 1.876607060432434, 1.8555288314819336, 1.851682186126709, 1.8450589179992676, 1.8415040969848633, 1.8332675695419312, 1.8369418382644653, 1.8304433822631836, 1.8170504570007324, 1.8166329860687256, 1.8071928024291992, 1.8003796339035034, 1.8076995611190796, 1.7843207120895386, 1.7842820882797241, 1.7748315334320068, 1.7775726318359375, 1.7770620584487915, 1.7769787311553955, 1.7772202491760254, 1.7599079608917236], "val_losses": [4.3431477546691895, 2.6920554637908936, 2.5634405612945557, 2.4873132705688477, 2.4218854904174805, 2.383272171020508, 2.322847843170166, 2.292175054550171, 2.2585408687591553, 2.191178321838379, 2.18475604057312, 2.168083667755127, 2.130857467651367, 2.1339855194091797, 2.110002040863037, 2.084139108657837, 2.067919969558716, 2.048604965209961, 2.041895866394043, 2.0481064319610596, 2.0275590419769287, 2.0174477100372314, 2.009350299835205, 2.008596420288086, 2.005496025085449, 1.999045968055725, 1.9812369346618652, 1.9762481451034546, 1.976194143295288, 1.972285509109497, 1.9670790433883667, 1.9636945724487305, 1.9642770290374756, 1.957850694656372, 1.9492323398590088, 1.9419914484024048, 1.9435844421386719, 1.9364182949066162, 1.9190452098846436, 1.9289404153823853, 1.924248218536377, 1.9299871921539307, 1.9112330675125122, 1.9097439050674438, 1.9043514728546143, 1.9180636405944824, 1.9181396961212158, 1.9117159843444824, 1.9081382751464844, 1.893662691116333, 1.8754538297653198]}