{"train_losses": [4.316980361938477, 2.7438018321990967, 2.584712266921997, 2.5230371952056885, 2.5090537071228027, 2.462364912033081, 2.4402191638946533, 2.412214994430542, 2.3930609226226807, 2.354557752609253, 2.3365914821624756, 2.3217499256134033, 2.29256272315979, 2.2826831340789795, 2.2813055515289307, 2.2524163722991943, 2.2442708015441895, 2.2229714393615723, 2.2255680561065674, 2.216376304626465, 2.200608491897583, 2.1955220699310303, 2.1770505905151367, 2.1698966026306152, 2.1726839542388916, 2.1556167602539062, 2.148684501647949, 2.1435225009918213, 2.140490770339966, 2.1243507862091064, 2.126310348510742, 2.113241672515869, 2.108231782913208, 2.104404926300049, 2.093466281890869, 2.084028720855713, 2.0808260440826416, 2.076953172683716, 2.072448968887329, 2.0615599155426025, 2.0599427223205566, 2.062910318374634, 2.0465731620788574, 2.0542523860931396, 2.0493853092193604, 2.0327329635620117, 2.025343179702759, 2.0204660892486572, 2.022310256958008, 2.018028974533081, 2.0198094844818115], "val_losses": [4.310352325439453, 2.767338752746582, 2.5937249660491943, 2.526200771331787, 2.505364179611206, 2.4624156951904297, 2.4350509643554688, 2.4184508323669434, 2.391345739364624, 2.3595430850982666, 2.344646453857422, 2.3315019607543945, 2.3136894702911377, 2.2923989295959473, 2.2789156436920166, 2.2738590240478516, 2.2606301307678223, 2.2428247928619385, 2.2438135147094727, 2.225999355316162, 2.2187490463256836, 2.2143802642822266, 2.2035763263702393, 2.1875953674316406, 2.208094596862793, 2.1728029251098633, 2.181689739227295, 2.1724660396575928, 2.1595797538757324, 2.1641457080841064, 2.152310609817505, 2.1343517303466797, 2.1357908248901367, 2.137953996658325, 2.1294853687286377, 2.117396831512451, 2.1183605194091797, 2.11234974861145, 2.1099979877471924, 2.1026382446289062, 2.119081497192383, 2.1028623580932617, 2.0924525260925293, 2.0903329849243164, 2.0807220935821533, 2.08095383644104, 2.0771965980529785, 2.0792593955993652, 2.0750319957733154, 2.0708513259887695, 2.076106071472168]}