{"train_losses": [4.411591529846191, 2.6568076610565186, 2.5090794563293457, 2.419372320175171, 2.349839687347412, 2.296499252319336, 2.2411491870880127, 2.2054390907287598, 2.163893222808838, 2.124723196029663, 2.1036548614501953, 2.070005178451538, 2.0387346744537354, 2.024620771408081, 1.9934922456741333, 1.9710501432418823, 1.961208462715149, 1.9404444694519043, 1.9084405899047852, 1.9090995788574219, 1.8838870525360107, 1.8707330226898193, 1.8596746921539307, 1.8562604188919067, 1.8408163785934448, 1.816269874572754, 1.8264087438583374, 1.8114782571792603, 1.805375337600708, 1.8050326108932495, 1.7994135618209839, 1.7672796249389648, 1.7508435249328613, 1.7552368640899658, 1.7532894611358643, 1.7402454614639282, 1.7261793613433838, 1.7287036180496216, 1.7174180746078491, 1.7232263088226318, 1.7130074501037598, 1.7130314111709595, 1.7042964696884155, 1.700534462928772, 1.705111026763916, 1.6919347047805786, 1.6896334886550903, 1.680224895477295, 1.6654913425445557, 1.6711026430130005, 1.6652731895446777], "val_losses": [4.402248859405518, 2.666996955871582, 2.5058226585388184, 2.433298349380493, 2.355928659439087, 2.3128650188446045, 2.2502667903900146, 2.2191920280456543, 2.1871559619903564, 2.15158748626709, 2.1302528381347656, 2.1190850734710693, 2.0802037715911865, 2.0634164810180664, 2.0368266105651855, 2.031095504760742, 2.0466535091400146, 2.0133395195007324, 1.9933862686157227, 1.9881149530410767, 1.9942903518676758, 1.9751663208007812, 1.961022973060608, 1.9526251554489136, 1.940627932548523, 1.9437246322631836, 1.9392439126968384, 1.9313626289367676, 1.9220854043960571, 1.9313730001449585, 1.9224181175231934, 1.9177783727645874, 1.9100149869918823, 1.9072425365447998, 1.8937057256698608, 1.8979640007019043, 1.8889565467834473, 1.8848273754119873, 1.8907030820846558, 1.8746328353881836, 1.8593645095825195, 1.8764337301254272, 1.865208387374878, 1.8489881753921509, 1.8643100261688232, 1.8562616109848022, 1.8390724658966064, 1.8426896333694458, 1.845944881439209, 1.8394547700881958, 1.8269267082214355]}