{"train_losses": [4.3410725593566895, 2.690734624862671, 2.5499391555786133, 2.4878628253936768, 2.4326422214508057, 2.3882627487182617, 2.348987340927124, 2.310638189315796, 2.272271156311035, 2.243680238723755, 2.220374345779419, 2.1967086791992188, 2.1655752658843994, 2.1453604698181152, 2.1306426525115967, 2.1148319244384766, 2.097717046737671, 2.086820363998413, 2.084519624710083, 2.0462534427642822, 2.0508873462677, 2.022728681564331, 2.0315985679626465, 2.018533945083618, 2.0009078979492188, 1.990517020225525, 1.9785833358764648, 1.9641565084457397, 1.9615967273712158, 1.9590109586715698, 1.9535331726074219, 1.9466720819473267, 1.9321799278259277, 1.9294748306274414, 1.9137567281723022, 1.9130773544311523, 1.9124863147735596, 1.9121975898742676, 1.896608591079712, 1.8877758979797363, 1.8772958517074585, 1.876639723777771, 1.8811160326004028, 1.8617955446243286, 1.8797450065612793, 1.8650192022323608, 1.8521990776062012, 1.8515615463256836, 1.855850338935852, 1.852994441986084, 1.8339205980300903], "val_losses": [4.338210105895996, 2.6972475051879883, 2.5524353981018066, 2.4819626808166504, 2.4433443546295166, 2.407154083251953, 2.3510336875915527, 2.321122169494629, 2.2893548011779785, 2.2597477436065674, 2.2407114505767822, 2.2133913040161133, 2.185422420501709, 2.1702916622161865, 2.1555793285369873, 2.134136915206909, 2.122251510620117, 2.1282644271850586, 2.1176462173461914, 2.0877935886383057, 2.0913686752319336, 2.080688714981079, 2.0712218284606934, 2.0730724334716797, 2.048896312713623, 2.0422072410583496, 2.031829595565796, 2.0378193855285645, 2.0344736576080322, 2.0133707523345947, 2.043170213699341, 2.020556688308716, 2.015476942062378, 1.9966840744018555, 1.9845622777938843, 1.987350583076477, 1.986871361732483, 1.9967107772827148, 1.9801440238952637, 1.9772288799285889, 1.9966768026351929, 1.976637840270996, 1.9817003011703491, 1.9829092025756836, 1.9748486280441284, 1.9769065380096436, 1.9574894905090332, 1.9583539962768555, 1.960241436958313, 1.955751657485962, 1.9349701404571533]}