{"train_losses": [4.387642860412598, 2.7262163162231445, 2.5681686401367188, 2.5118067264556885, 2.4620697498321533, 2.4278321266174316, 2.376650333404541, 2.3470137119293213, 2.3293464183807373, 2.3128468990325928, 2.286803960800171, 2.25787615776062, 2.2446649074554443, 2.2274861335754395, 2.2204763889312744, 2.1944098472595215, 2.1868937015533447, 2.184476613998413, 2.154994010925293, 2.142026662826538, 2.1292784214019775, 2.125727653503418, 2.1080710887908936, 2.0987648963928223, 2.0947773456573486, 2.0827744007110596, 2.0644516944885254, 2.066089391708374, 2.062241792678833, 2.0597355365753174, 2.0438239574432373, 2.0275089740753174, 2.0300374031066895, 2.003937005996704, 2.0149548053741455, 1.9902749061584473, 2.0025196075439453, 1.9942933320999146, 1.9898788928985596, 1.9804917573928833, 1.979851245880127, 1.9607443809509277, 1.97124445438385, 1.9696155786514282, 1.9588932991027832, 1.9659613370895386, 1.9571278095245361, 1.933742642402649, 1.943084716796875, 1.9314683675765991, 1.929495096206665], "val_losses": [4.378592491149902, 2.727597713470459, 2.5593459606170654, 2.502063512802124, 2.453720808029175, 2.422880172729492, 2.3825607299804688, 2.3442320823669434, 2.316643714904785, 2.3119711875915527, 2.288433313369751, 2.276501178741455, 2.2558910846710205, 2.2426133155822754, 2.237581968307495, 2.2227325439453125, 2.199932098388672, 2.1900665760040283, 2.177196741104126, 2.1581685543060303, 2.159445285797119, 2.155071496963501, 2.1452414989471436, 2.151723861694336, 2.1385281085968018, 2.1175012588500977, 2.1106128692626953, 2.103609085083008, 2.1008808612823486, 2.1026859283447266, 2.086160898208618, 2.0740365982055664, 2.084066390991211, 2.0615851879119873, 2.064685106277466, 2.0580151081085205, 2.071967363357544, 2.051119804382324, 2.0526297092437744, 2.050762176513672, 2.0514707565307617, 2.037353754043579, 2.0439157485961914, 2.0504415035247803, 2.0486714839935303, 2.0333852767944336, 2.022312641143799, 2.019674301147461, 2.018387794494629, 2.0159525871276855, 2.0161609649658203]}