{"train_losses": [4.38229513168335, 2.670668125152588, 2.5246806144714355, 2.4220564365386963, 2.347543478012085, 2.2924094200134277, 2.241574287414551, 2.2065186500549316, 2.1704447269439697, 2.1149697303771973, 2.0881032943725586], "val_losses": [4.385685443878174, 2.681680917739868, 2.5219337940216064, 2.4414865970611572, 2.350504159927368, 2.3259589672088623, 2.259946823120117, 2.223937749862671, 2.2043566703796387, 2.1559700965881348, 2.1311087608337402]}