{"train_losses": [4.384191036224365, 2.6931896209716797, 2.551410436630249, 2.479344367980957, 2.420091390609741, 2.375629186630249, 2.3398571014404297, 2.30536150932312, 2.279019832611084, 2.247347354888916, 2.2084100246429443], "val_losses": [4.377569198608398, 2.7069714069366455, 2.5547454357147217, 2.4850821495056152, 2.423571825027466, 2.389521837234497, 2.3416783809661865, 2.3124337196350098, 2.3034746646881104, 2.260441541671753, 2.217489242553711]}