{"train_losses": [4.412832260131836, 2.6769049167633057, 2.5164763927459717, 2.4557785987854004, 2.3923778533935547, 2.3290469646453857, 2.294923782348633, 2.2396364212036133, 2.2225780487060547, 2.1629531383514404, 2.15248966217041], "val_losses": [4.415807723999023, 2.691821336746216, 2.518134117126465, 2.4579291343688965, 2.398606777191162, 2.346754789352417, 2.295330762863159, 2.254012107849121, 2.228689193725586, 2.1948447227478027, 2.1724536418914795]}