{"train_losses": [4.3835554122924805, 2.709979295730591, 2.539186477661133, 2.466242551803589, 2.41519832611084, 2.3691282272338867, 2.3069815635681152, 2.2766342163085938, 2.2346463203430176, 2.1962850093841553, 2.173912286758423], "val_losses": [4.382061004638672, 2.717294692993164, 2.557371139526367, 2.4780707359313965, 2.4127960205078125, 2.372051477432251, 2.333831310272217, 2.280731201171875, 2.253131151199341, 2.219747543334961, 2.215965509414673]}