{"train_losses": [4.309327602386475, 2.7286760807037354, 2.579425096511841, 2.5211899280548096, 2.496217727661133, 2.469130754470825, 2.4343504905700684, 2.4022088050842285, 2.3682479858398438, 2.344641923904419, 2.3260111808776855], "val_losses": [4.3084821701049805, 2.7422475814819336, 2.577604055404663, 2.5309407711029053, 2.5042402744293213, 2.462822914123535, 2.444550037384033, 2.405916690826416, 2.3834733963012695, 2.3593006134033203, 2.3397059440612793]}