{"train_losses": [4.351652145385742, 2.7268869876861572, 2.5711121559143066, 2.5153353214263916, 2.46920108795166, 2.435185194015503, 2.3982126712799072, 2.346005439758301, 2.3201637268066406, 2.295058250427246, 2.253230333328247], "val_losses": [4.360436916351318, 2.7560460567474365, 2.566291093826294, 2.5146820545196533, 2.47367787361145, 2.4412455558776855, 2.4089014530181885, 2.3627617359161377, 2.3325576782226562, 2.3194150924682617, 2.2830371856689453]}