{"train_losses": [4.34816312789917, 2.7039051055908203, 2.5336639881134033, 2.460850238800049, 2.4053962230682373, 2.3605847358703613, 2.3189022541046143, 2.2937328815460205, 2.2562997341156006, 2.2262117862701416, 2.2043182849884033, 2.180847406387329, 2.163480043411255, 2.145853042602539, 2.121896743774414, 2.0919406414031982, 2.0731749534606934, 2.075085401535034, 2.0475199222564697, 2.0378921031951904, 2.023995876312256, 2.006763458251953, 1.994429111480713, 1.993201732635498, 1.9827877283096313, 1.9712579250335693, 1.9731221199035645, 1.9568687677383423, 1.9455581903457642, 1.942237138748169, 1.936476469039917, 1.9121075868606567, 1.9027329683303833, 1.9042847156524658, 1.8982162475585938, 1.891501784324646, 1.8799644708633423, 1.8826957941055298, 1.8722246885299683, 1.8685333728790283, 1.8641735315322876, 1.8612867593765259, 1.8518072366714478, 1.8582181930541992, 1.8541313409805298, 1.8377035856246948, 1.8398072719573975, 1.8308464288711548, 1.8287447690963745, 1.82387375831604, 1.8114862442016602], "val_losses": [4.341775417327881, 2.7187716960906982, 2.5299129486083984, 2.4720308780670166, 2.409999370574951, 2.370551109313965, 2.320530891418457, 2.300140619277954, 2.2664661407470703, 2.2286641597747803, 2.2044501304626465, 2.200692653656006, 2.1683685779571533, 2.1526360511779785, 2.132174253463745, 2.123668670654297, 2.1155076026916504, 2.101536273956299, 2.093756675720215, 2.0684876441955566, 2.075382709503174, 2.0630130767822266, 2.048163652420044, 2.048128366470337, 2.027523994445801, 2.036895990371704, 2.0317893028259277, 2.019374132156372, 2.011578321456909, 2.013517141342163, 2.0051889419555664, 1.999863862991333, 1.9939619302749634, 1.9881106615066528, 1.9829331636428833, 1.9780709743499756, 1.983565330505371, 1.9768906831741333, 1.9800405502319336, 1.9620695114135742, 1.9549353122711182, 1.967236042022705, 1.9595447778701782, 1.9518945217132568, 1.9531188011169434, 1.9489818811416626, 1.9413414001464844, 1.9426255226135254, 1.954941749572754, 1.9383320808410645, 1.9254449605941772]}