{"train_losses": [4.35420036315918, 2.6969692707061768, 2.5592284202575684, 2.490165948867798, 2.4298555850982666, 2.3722310066223145, 2.347304582595825, 2.3068888187408447, 2.286583185195923, 2.2491614818573, 2.23405385017395, 2.194864511489868, 2.175912857055664, 2.177903652191162, 2.149247407913208, 2.1244287490844727, 2.117072820663452, 2.0858304500579834, 2.0895891189575195, 2.0744638442993164, 2.0484628677368164, 2.041013479232788, 2.0248773097991943, 2.0327587127685547, 2.0169906616210938, 2.0048704147338867, 1.9806733131408691, 1.9894567728042603, 1.971569538116455, 1.9627020359039307, 1.9649664163589478, 1.9422791004180908, 1.9383628368377686, 1.933379054069519, 1.9259835481643677, 1.9257808923721313, 1.9228487014770508, 1.9144845008850098, 1.9015557765960693, 1.9004958868026733, 1.894498586654663, 1.8861300945281982, 1.888401746749878, 1.8682528734207153, 1.8696664571762085, 1.853852391242981, 1.8577383756637573, 1.8577818870544434, 1.8566874265670776, 1.8595099449157715, 1.8444784879684448], "val_losses": [4.357702732086182, 2.716057062149048, 2.576298475265503, 2.4951331615448, 2.436692714691162, 2.405088424682617, 2.3485939502716064, 2.337289333343506, 2.3016810417175293, 2.256361722946167, 2.251199245452881, 2.234422445297241, 2.199099540710449, 2.2084383964538574, 2.1679909229278564, 2.1473610401153564, 2.1408095359802246, 2.1117727756500244, 2.1076509952545166, 2.1125125885009766, 2.090871810913086, 2.079608678817749, 2.069643497467041, 2.0715203285217285, 2.059138536453247, 2.0630640983581543, 2.0339224338531494, 2.036776304244995, 2.028557300567627, 2.0258548259735107, 2.019987106323242, 2.0122313499450684, 2.0128602981567383, 2.0158584117889404, 1.99910306930542, 1.9972810745239258, 2.0004172325134277, 1.9906352758407593, 1.9691435098648071, 1.9779040813446045, 1.9828743934631348, 1.9802560806274414, 1.9577553272247314, 1.958113431930542, 1.9551329612731934, 1.964034080505371, 1.9718902111053467, 1.9674736261367798, 1.957958698272705, 1.9391131401062012, 1.9315534830093384]}