{"train_losses": [4.330286502838135, 2.6996910572052, 2.5533106327056885, 2.4908499717712402, 2.4286093711853027, 2.387946844100952, 2.3574798107147217, 2.3177385330200195, 2.28592586517334, 2.261247158050537, 2.2439446449279785, 2.2208337783813477, 2.191256523132324, 2.175621271133423, 2.1507294178009033, 2.1434974670410156, 2.1272239685058594, 2.1079235076904297, 2.10312819480896, 2.0733718872070312, 2.0724291801452637, 2.052297830581665, 2.0591700077056885, 2.047534942626953, 2.02931809425354, 2.021726131439209, 2.010063648223877, 1.997270107269287, 1.9903165102005005, 1.9847084283828735, 1.9773690700531006, 1.9777063131332397, 1.959670066833496, 1.9533215761184692, 1.9443010091781616, 1.9471869468688965, 1.939942479133606, 1.9384634494781494, 1.926081895828247, 1.9210045337677002, 1.9024009704589844, 1.9017457962036133, 1.9081393480300903, 1.8854033946990967, 1.8983780145645142, 1.8936232328414917, 1.8813538551330566, 1.8777657747268677, 1.8789318799972534, 1.8755500316619873, 1.8592571020126343], "val_losses": [4.331507682800293, 2.705977201461792, 2.554001569747925, 2.479480504989624, 2.4386909008026123, 2.4046359062194824, 2.359257936477661, 2.3242528438568115, 2.2995636463165283, 2.2715461254119873, 2.257115364074707, 2.2297637462615967, 2.205704927444458, 2.194427967071533, 2.1716110706329346, 2.160356044769287, 2.1435065269470215, 2.1489205360412598, 2.128300666809082, 2.10823917388916, 2.1043169498443604, 2.096534013748169, 2.088836908340454, 2.088848352432251, 2.070918560028076, 2.068781852722168, 2.0530970096588135, 2.0602219104766846, 2.0584027767181396, 2.038330554962158, 2.0606799125671387, 2.0421953201293945, 2.0376291275024414, 2.014091968536377, 2.0119521617889404, 2.0155856609344482, 2.0072858333587646, 2.0090837478637695, 2.0016136169433594, 2.0002756118774414, 2.00892972946167, 1.9969483613967896, 1.9981971979141235, 2.0028326511383057, 1.9872244596481323, 1.9955017566680908, 1.9744763374328613, 1.9786876440048218, 1.973463535308838, 1.971081256866455, 1.9491376876831055]}