{"train_losses": [4.363222122192383, 2.6703174114227295, 2.5230371952056885, 2.4589600563049316, 2.418595314025879, 2.3736166954040527, 2.3190910816192627, 2.2869889736175537, 2.2598063945770264, 2.243878126144409, 2.211801528930664, 2.1770975589752197, 2.1607673168182373, 2.1436798572540283, 2.125615358352661, 2.100188732147217, 2.0946199893951416, 2.088923454284668, 2.0588788986206055, 2.049055814743042, 2.0307440757751465, 2.0308563709259033, 2.0049517154693604, 2.000872850418091, 1.9826512336730957, 1.9714735746383667, 1.9625461101531982, 1.9595215320587158, 1.9554214477539062, 1.9482085704803467, 1.934505581855774, 1.9172030687332153, 1.9220225811004639, 1.9027363061904907, 1.9058959484100342, 1.887414574623108, 1.8914172649383545, 1.8926784992218018, 1.8822479248046875, 1.8753764629364014, 1.8739287853240967, 1.856757402420044, 1.8641161918640137, 1.8561221361160278, 1.8521281480789185, 1.8591419458389282, 1.8537086248397827, 1.8305145502090454, 1.8369981050491333, 1.8274198770523071, 1.8245407342910767], "val_losses": [4.357322692871094, 2.6636626720428467, 2.5160863399505615, 2.4496216773986816, 2.411165952682495, 2.374974250793457, 2.3250555992126465, 2.2825429439544678, 2.2571539878845215, 2.246518611907959, 2.220043420791626, 2.207366704940796, 2.1782643795013428, 2.1684508323669434, 2.158390998840332, 2.1407248973846436, 2.1205286979675293, 2.112386465072632, 2.092545509338379, 2.087379217147827, 2.0804333686828613, 2.077004909515381, 2.064276933670044, 2.0735976696014404, 2.0498931407928467, 2.0306668281555176, 2.032222032546997, 2.023305892944336, 2.0251266956329346, 2.022601842880249, 2.0056838989257812, 1.993758201599121, 2.0034549236297607, 1.993559718132019, 1.9899293184280396, 1.9848027229309082, 1.9937541484832764, 1.9864879846572876, 1.9814248085021973, 1.9808661937713623, 1.9850016832351685, 1.9772311449050903, 1.975966215133667, 1.9758611917495728, 1.9781416654586792, 1.9615991115570068, 1.9538052082061768, 1.9454295635223389, 1.9509800672531128, 1.9504128694534302, 1.941156268119812]}