{"train_losses": [4.3376030921936035, 3.017868995666504, 2.676499366760254, 2.6012799739837646, 2.5570714473724365, 2.531832218170166, 2.5223114490509033, 2.4837119579315186, 2.4488534927368164, 2.434518814086914, 2.434863805770874, 2.4032480716705322, 2.386178493499756, 2.382023334503174, 2.3609039783477783, 2.354811191558838, 2.3372786045074463, 2.3289241790771484, 2.330726385116577, 2.3027091026306152, 2.2928943634033203, 2.2775027751922607, 2.2875235080718994, 2.2721216678619385, 2.2622199058532715, 2.253984212875366, 2.244248151779175, 2.2329459190368652, 2.226626396179199, 2.22440505027771, 2.213278293609619, 2.2225821018218994, 2.1932897567749023, 2.1882898807525635, 2.1790871620178223, 2.1811161041259766, 2.1789655685424805, 2.1771647930145264, 2.1703057289123535, 2.1648426055908203, 2.154264450073242, 2.1440377235412598, 2.1461522579193115, 2.1378417015075684, 2.138721227645874, 2.1412312984466553, 2.1292662620544434, 2.120084762573242, 2.124100923538208, 2.132272958755493, 2.1075448989868164], "val_losses": [4.332581996917725, 3.040457248687744, 2.6972081661224365, 2.5900216102600098, 2.5526468753814697, 2.5344765186309814, 2.5151233673095703, 2.475120782852173, 2.4528448581695557, 2.4269678592681885, 2.4260857105255127, 2.3953919410705566, 2.38643217086792, 2.3779611587524414, 2.3645377159118652, 2.344503164291382, 2.331132173538208, 2.3424761295318604, 2.326453447341919, 2.3032021522521973, 2.2955682277679443, 2.2953193187713623, 2.2773001194000244, 2.276344060897827, 2.265277147293091, 2.256046772003174, 2.2465999126434326, 2.246068239212036, 2.2434706687927246, 2.2285969257354736, 2.244511604309082, 2.2356173992156982, 2.2152936458587646, 2.1985607147216797, 2.190654993057251, 2.1916897296905518, 2.1845743656158447, 2.1921324729919434, 2.1858179569244385, 2.1776158809661865, 2.1917338371276855, 2.166552782058716, 2.173248529434204, 2.1755616664886475, 2.160872459411621, 2.1673450469970703, 2.149503231048584, 2.1479806900024414, 2.154128313064575, 2.1410508155822754, 2.1254494190216064]}