{"train_losses": [4.341270446777344, 2.682406425476074, 2.5528271198272705, 2.493086814880371, 2.4410533905029297, 2.388392448425293, 2.3505735397338867, 2.314492702484131, 2.2839739322662354, 2.2452316284179688, 2.226109027862549, 2.190887928009033, 2.161566734313965, 2.1632776260375977, 2.145313262939453, 2.1124842166900635, 2.1024010181427, 2.0844500064849854, 2.0765442848205566, 2.064591884613037, 2.0349085330963135, 2.0307233333587646, 2.014620780944824, 2.011876106262207, 2.0026943683624268, 1.986045479774475, 1.969425082206726, 1.9798921346664429, 1.9600555896759033, 1.9529554843902588, 1.9526028633117676, 1.9295307397842407, 1.923594355583191, 1.9181299209594727, 1.9099944829940796, 1.910861849784851, 1.9137589931488037, 1.8999085426330566, 1.8916707038879395, 1.8883109092712402, 1.8812510967254639, 1.8753836154937744, 1.8812646865844727, 1.8607608079910278, 1.8593378067016602, 1.8459199666976929, 1.8468044996261597, 1.845361590385437, 1.847214698791504, 1.8506131172180176, 1.8347504138946533], "val_losses": [4.344907283782959, 2.700455904006958, 2.5718069076538086, 2.498122215270996, 2.4454903602600098, 2.424576997756958, 2.3580358028411865, 2.339660406112671, 2.3027937412261963, 2.2535886764526367, 2.246248483657837, 2.2336525917053223, 2.1861159801483154, 2.191737174987793, 2.170620918273926, 2.1397855281829834, 2.1318211555480957, 2.1124801635742188, 2.1033451557159424, 2.0999858379364014, 2.084294319152832, 2.0692880153656006, 2.0595204830169678, 2.0541181564331055, 2.0498135089874268, 2.0467748641967773, 2.0297136306762695, 2.028263807296753, 2.017575740814209, 2.017871141433716, 2.007909059524536, 2.002772331237793, 2.001037120819092, 2.005869150161743, 1.982438087463379, 1.9862247705459595, 1.984700322151184, 1.9798212051391602, 1.9663299322128296, 1.9651511907577515, 1.9754360914230347, 1.979975938796997, 1.9554423093795776, 1.9509544372558594, 1.953177809715271, 1.9595658779144287, 1.9597910642623901, 1.9550769329071045, 1.9567042589187622, 1.9353772401809692, 1.9264367818832397]}