{"train_losses": [4.428281784057617, 2.6595566272735596, 2.522381544113159, 2.4544131755828857, 2.393256902694702, 2.3416173458099365, 2.300319194793701, 2.2704012393951416, 2.2315986156463623, 2.198326349258423, 2.173553705215454, 2.1432297229766846, 2.1247429847717285, 2.107501745223999, 2.080219030380249, 2.057082176208496, 2.0368220806121826, 2.0371358394622803, 2.009579658508301, 1.9997732639312744, 1.9773825407028198, 1.9665744304656982, 1.9566363096237183, 1.9460214376449585, 1.938609004020691, 1.9253555536270142, 1.927868366241455, 1.9166128635406494, 1.903180718421936, 1.9113185405731201, 1.8907504081726074, 1.8707671165466309, 1.8550763130187988, 1.8612765073776245, 1.853153944015503, 1.8446708917617798, 1.8282349109649658, 1.8379124402999878, 1.826359748840332, 1.8207789659500122, 1.816213846206665, 1.8091702461242676, 1.805199146270752, 1.810308575630188, 1.8060944080352783, 1.7908203601837158, 1.7869137525558472, 1.786787748336792, 1.7743209600448608, 1.778008222579956, 1.7679340839385986], "val_losses": [4.418457984924316, 2.6705050468444824, 2.5175375938415527, 2.4682681560516357, 2.3981239795684814, 2.3547894954681396, 2.301563024520874, 2.27779483795166, 2.2459218502044678, 2.209369659423828, 2.1774652004241943, 2.172577142715454, 2.1390540599823, 2.1245293617248535, 2.0970041751861572, 2.0921969413757324, 2.09011173248291, 2.0759661197662354, 2.06710147857666, 2.041703462600708, 2.04587984085083, 2.0392701625823975, 2.024350166320801, 2.015943765640259, 2.000741481781006, 2.0066139698028564, 1.997178316116333, 1.996517300605774, 1.985866904258728, 1.9959722757339478, 1.9719656705856323, 1.9728132486343384, 1.9553210735321045, 1.967592716217041, 1.9493494033813477, 1.9480842351913452, 1.9436055421829224, 1.9480502605438232, 1.9591166973114014, 1.931087613105774, 1.9270405769348145, 1.9329034090042114, 1.926633596420288, 1.9189481735229492, 1.9265750646591187, 1.9161062240600586, 1.9013959169387817, 1.9093327522277832, 1.9130266904830933, 1.9120450019836426, 1.8977959156036377]}