{"train_losses": [4.3753252029418945, 3.3222591876983643, 3.320058584213257, 3.3171579837799072, 3.3263823986053467, 3.2438161373138428, 3.1681594848632812, 3.1252002716064453, 3.1106491088867188, 3.0194308757781982, 2.995861768722534, 2.9246392250061035, 2.835955858230591, 2.806576728820801, 2.7960925102233887, 2.764035940170288, 2.7596852779388428, 2.759228467941284, 2.724392890930176, 2.706033706665039, 2.685638189315796, 2.6711525917053223, 2.6751415729522705, 2.6484873294830322, 2.628816843032837, 2.616396188735962, 2.599989414215088, 2.5929558277130127, 2.582656145095825, 2.5621678829193115, 2.540062189102173, 2.54207181930542, 2.5248734951019287, 2.502911329269409, 2.512754201889038, 2.5029942989349365, 2.4905214309692383, 2.495433807373047, 2.4853975772857666, 2.485182285308838, 2.4771087169647217, 2.461280584335327, 2.4697108268737793, 2.470367431640625, 2.4579458236694336, 2.4574387073516846, 2.449633836746216, 2.43088698387146, 2.44753360748291, 2.448357343673706, 2.4225497245788574], "val_losses": [4.366097450256348, 3.367551565170288, 3.3504462242126465, 3.3573522567749023, 3.352423906326294, 3.2744951248168945, 3.2099926471710205, 3.1677727699279785, 3.1213796138763428, 3.0154502391815186, 2.9956884384155273, 2.9338932037353516, 2.8416736125946045, 2.814218044281006, 2.796072483062744, 2.777822256088257, 2.75040340423584, 2.7468421459198, 2.7208011150360107, 2.6988344192504883, 2.669142723083496, 2.660059928894043, 2.665177822113037, 2.6456298828125, 2.6281890869140625, 2.6068756580352783, 2.5914838314056396, 2.5825257301330566, 2.5718064308166504, 2.5543885231018066, 2.5380890369415283, 2.537752866744995, 2.5222954750061035, 2.5060622692108154, 2.5011534690856934, 2.495166540145874, 2.4906973838806152, 2.4834234714508057, 2.4784669876098633, 2.482261896133423, 2.4754130840301514, 2.46087646484375, 2.455779790878296, 2.4635486602783203, 2.4661295413970947, 2.447803497314453, 2.4382643699645996, 2.426781415939331, 2.4354047775268555, 2.437676191329956, 2.4201853275299072]}