Group1,Group2,Mean3,Mean6,Mean7,Mean8,Mean9
200,0.1,1773.21,0.135843,0.249085,0.278798,0.240175
200,0,601.845,0.171849,0.307796,0.329632,0.296813
