{"train_losses": [4.399714469909668, 2.707862138748169, 2.5348289012908936, 2.4593117237091064, 2.4062087535858154, 2.3581604957580566, 2.320507049560547, 2.293855905532837, 2.2553367614746094, 2.22033429145813, 2.1972179412841797, 2.171107530593872, 2.1464574337005615, 2.13818359375, 2.108922004699707, 2.0848827362060547, 2.064812421798706, 2.062025547027588, 2.034592866897583, 2.0225696563720703, 2.0030345916748047, 1.99224853515625, 1.9778786897659302, 1.9736502170562744, 1.9692482948303223, 1.9454182386398315, 1.9580670595169067, 1.9425677061080933, 1.9284733533859253, 1.9294657707214355, 1.9189634323120117, 1.8923760652542114, 1.8778437376022339, 1.8835827112197876, 1.8762212991714478, 1.8723794221878052, 1.8589630126953125, 1.8609802722930908, 1.8475604057312012, 1.8457739353179932, 1.8363277912139893, 1.8379772901535034, 1.828497052192688, 1.8337891101837158, 1.8253052234649658, 1.8142894506454468, 1.8121733665466309, 1.8098002672195435, 1.7968140840530396, 1.799330711364746, 1.7852563858032227], "val_losses": [4.390345096588135, 2.7224957942962646, 2.531636953353882, 2.470949411392212, 2.4083876609802246, 2.3695969581604004, 2.318741798400879, 2.3017916679382324, 2.271240711212158, 2.226411819458008, 2.196331739425659, 2.193984270095825, 2.155844211578369, 2.1503560543060303, 2.118901252746582, 2.116713047027588, 2.1148085594177246, 2.094358205795288, 2.0854930877685547, 2.0594022274017334, 2.064054012298584, 2.0505666732788086, 2.0354738235473633, 2.0302927494049072, 2.0202364921569824, 2.0195398330688477, 2.023190975189209, 2.012510299682617, 2.0039684772491455, 2.007115364074707, 1.9911407232284546, 1.9834861755371094, 1.974619746208191, 1.976652979850769, 1.960235595703125, 1.9659881591796875, 1.9656867980957031, 1.9638310670852661, 1.964097499847412, 1.9495441913604736, 1.9334057569503784, 1.9501155614852905, 1.9434072971343994, 1.9318568706512451, 1.9367575645446777, 1.9277276992797852, 1.9187686443328857, 1.9328762292861938, 1.9280378818511963, 1.9224084615707397, 1.9040710926055908]}