{"train_losses": [4.343588829040527, 2.7228455543518066, 2.5604779720306396, 2.4914510250091553, 2.436675786972046, 2.4018595218658447, 2.3666341304779053, 2.3313333988189697, 2.295156478881836, 2.2746024131774902, 2.2462759017944336, 2.223116636276245, 2.195791721343994, 2.181601047515869, 2.162909507751465, 2.1468958854675293, 2.134079694747925, 2.118675947189331, 2.1092193126678467, 2.0821568965911865, 2.080636978149414, 2.0547401905059814, 2.061885356903076, 2.0476229190826416, 2.0343503952026367, 2.025019645690918, 2.013033866882324, 2.0031228065490723, 1.9963009357452393, 1.9952584505081177, 1.985600471496582, 1.9799013137817383, 1.9694267511367798, 1.9570808410644531, 1.9448002576828003, 1.9481239318847656, 1.9424549341201782, 1.9420591592788696, 1.926019310951233, 1.9201774597167969, 1.9051824808120728, 1.90476655960083, 1.906396746635437, 1.8883485794067383, 1.9000169038772583, 1.8939721584320068, 1.8790756464004517, 1.8819563388824463, 1.8782153129577637, 1.8771454095840454, 1.858790397644043], "val_losses": [4.340818405151367, 2.7301294803619385, 2.563521146774292, 2.4817824363708496, 2.444617986679077, 2.416360378265381, 2.3662216663360596, 2.338153123855591, 2.311413288116455, 2.285126209259033, 2.258039951324463, 2.2367732524871826, 2.2106478214263916, 2.197793960571289, 2.18161678314209, 2.160710334777832, 2.150672435760498, 2.158491849899292, 2.140535354614258, 2.1120314598083496, 2.1146302223205566, 2.0993051528930664, 2.090651512145996, 2.090322494506836, 2.071829080581665, 2.069204807281494, 2.0575814247131348, 2.067765712738037, 2.0629923343658447, 2.0407967567443848, 2.066697120666504, 2.0495033264160156, 2.043391227722168, 2.014009475708008, 2.0049948692321777, 2.0107953548431396, 2.0070667266845703, 2.0131983757019043, 1.999955415725708, 1.9983837604522705, 2.009009599685669, 1.9939860105514526, 1.9999688863754272, 1.9982037544250488, 1.9965745210647583, 1.998630166053772, 1.9790146350860596, 1.9795022010803223, 1.9763647317886353, 1.965181827545166, 1.9503884315490723]}