{"train_losses": [4.3394293785095215, 2.709827184677124, 2.5639114379882812, 2.4914557933807373, 2.438411235809326, 2.381960153579712, 2.350015878677368, 2.3158156871795654, 2.2792866230010986, 2.237934112548828, 2.2211358547210693, 2.1814208030700684, 2.1561620235443115, 2.1563963890075684, 2.136847734451294, 2.1062560081481934, 2.0945699214935303, 2.0687143802642822, 2.0697715282440186, 2.053422689437866, 2.027172803878784, 2.0221056938171387, 2.00216007232666, 2.007465124130249, 1.9959182739257812, 1.9770959615707397, 1.9547483921051025, 1.963262677192688, 1.9505200386047363, 1.9413843154907227, 1.937913179397583, 1.919173240661621, 1.9127545356750488, 1.9055571556091309, 1.9016776084899902, 1.892439842224121, 1.8933748006820679, 1.8848464488983154, 1.8767709732055664, 1.8704229593276978, 1.8636045455932617, 1.858357548713684, 1.8584303855895996, 1.8432400226593018, 1.8448190689086914, 1.8309515714645386, 1.8348232507705688, 1.8316842317581177, 1.8274760246276855, 1.83909273147583, 1.8173911571502686], "val_losses": [4.342707633972168, 2.7327208518981934, 2.5832924842834473, 2.4969794750213623, 2.4477312564849854, 2.4189651012420654, 2.3561692237854004, 2.346618175506592, 2.2968413829803467, 2.247802972793579, 2.244138240814209, 2.2228658199310303, 2.1807799339294434, 2.186584949493408, 2.1598291397094727, 2.1330955028533936, 2.1197052001953125, 2.0978047847747803, 2.0912837982177734, 2.094813346862793, 2.0727219581604004, 2.0616650581359863, 2.0499625205993652, 2.047741174697876, 2.03875994682312, 2.0412073135375977, 2.0164806842803955, 2.012086868286133, 2.0125091075897217, 2.0062098503112793, 1.995212435722351, 1.9924612045288086, 1.9896056652069092, 1.986079454421997, 1.9795615673065186, 1.9702013731002808, 1.975746512413025, 1.9663866758346558, 1.9471300840377808, 1.9524617195129395, 1.9635735750198364, 1.958552598953247, 1.933409571647644, 1.9383594989776611, 1.9360159635543823, 1.9434945583343506, 1.953233003616333, 1.9475014209747314, 1.9351006746292114, 1.9270904064178467, 1.9140276908874512]}