{"train_losses": [4.37294864654541, 2.686415433883667, 2.5361666679382324, 2.4741289615631104, 2.4254233837127686, 2.381578207015991, 2.3324520587921143, 2.2985923290252686, 2.273825168609619, 2.262655258178711, 2.2296488285064697, 2.1945858001708984, 2.176711320877075, 2.161383628845215, 2.1470234394073486, 2.1164400577545166, 2.116227149963379, 2.105131149291992, 2.077486276626587, 2.065208673477173, 2.0445542335510254, 2.045496940612793, 2.0265402793884277, 2.0164005756378174, 2.006110429763794, 1.9934707880020142, 1.979476809501648, 1.9837043285369873, 1.9766321182250977, 1.9624886512756348, 1.958084225654602, 1.9420733451843262, 1.9443168640136719, 1.9209051132202148, 1.931583046913147, 1.9034602642059326, 1.915585994720459, 1.908737063407898, 1.9034407138824463, 1.8992059230804443, 1.8971713781356812, 1.8820379972457886, 1.8854275941848755, 1.8814300298690796, 1.874039888381958, 1.8774276971817017, 1.8755028247833252, 1.8509702682495117, 1.8590478897094727, 1.8435542583465576, 1.8441394567489624], "val_losses": [4.3636980056762695, 2.6829755306243896, 2.526782989501953, 2.458677291870117, 2.4183290004730225, 2.378427267074585, 2.338803768157959, 2.2952115535736084, 2.2686574459075928, 2.2618513107299805, 2.2379987239837646, 2.2239224910736084, 2.190211772918701, 2.1839139461517334, 2.1721031665802, 2.1535184383392334, 2.141960382461548, 2.1247754096984863, 2.1149160861968994, 2.0991735458374023, 2.0926451683044434, 2.093515396118164, 2.079440116882324, 2.0914018154144287, 2.06758189201355, 2.050114154815674, 2.0506796836853027, 2.045233726501465, 2.0423905849456787, 2.034665107727051, 2.0195837020874023, 2.010378837585449, 2.0234453678131104, 2.011516809463501, 2.0177109241485596, 1.9996604919433594, 2.009995460510254, 1.99480402469635, 1.9971944093704224, 2.000476598739624, 2.0044846534729004, 1.9937074184417725, 1.9906048774719238, 1.9978982210159302, 1.9965423345565796, 1.9743024110794067, 1.9811383485794067, 1.966516137123108, 1.9660611152648926, 1.9590191841125488, 1.9592639207839966]}